{"ip":0,"fr":60,"v":"5.1.20","assets":[],"layers":[{"ty":4,"nm":"Circle-check-u","ip":0,"st":0,"ind":7,"hix":5,"ks":{"o":{"a":0,"k":100},"or":{"a":0,"k":[0,0,0]},"a":{"a":0,"k":[50,50,0]},"p":{"s":true,"x":{"a":0,"k":50.00000000000001},"y":{"a":0,"k":50}},"rx":{"a":0,"k":0},"ry":{"a":0,"k":0},"rz":{"a":0,"k":0},"s":{"a":0,"k":[100,100,100]}},"shapes":[{"ty":"gr","nm":"Circle-check-u shape group","it":[{"ty":"sh","ks":{"a":0,"k":{"c":false,"v":[[35,50],[43.8844,59.6248],[44.5986,59.6458],[65,40]],"i":[[0,0],[0,0],[-0.20189999999999486,0.19440000000000168],[0,0]],"o":[[0,0],[0.19010000000000105,0.20589999999999975],[0,0],[0,0]]}}},{"ty":"st","o":{"a":0,"k":100},"c":{"a":0,"k":[1,1,1,1]},"lc":2,"lj":1,"ml":1,"w":{"a":0,"k":4},"d":[{"n":"d","v":{"a":0,"k":44},"nm":"0"},{"n":"g","v":{"a":0,"k":44},"nm":"1"},{"n":"o","v":{"a":1,"k":[{"t":0,"s":[44],"e":[44],"i":{"x":[1],"y":[1]},"o":{"x":[0],"y":[0]}},{"t":150,"s":[44],"e":[0],"i":{"x":[0.515],"y":[0.955]},"o":{"x":[0.455],"y":[0.03]}},{"t":180}]},"nm":"2"}]},{"ty":"fl","o":{"a":0,"k":0},"c":{"a":0,"k":[0,0,0,0]},"r":1},{"ty":"tr","o":{"a":0,"k":100},"a":{"a":0,"k":[0,0]},"s":{"a":0,"k":[100,100]},"p":{"a":0,"k":[0,0]},"r":{"a":0,"k":0}}]}],"op":180},{"ty":4,"nm":"Circle-full-blue","ip":0,"st":0,"ind":6,"hix":6,"ks":{"o":{"a":1,"k":[{"t":0,"s":[0],"e":[0],"i":{"x":[1],"y":[1]},"o":{"x":[0],"y":[0]}},{"t":132,"s":[0],"e":[100],"i":{"x":[0.515],"y":[0.955]},"o":{"x":[0.455],"y":[0.03]}},{"t":149}]},"or":{"a":0,"k":[0,0,0]},"a":{"a":0,"k":[50,50,0]},"p":{"s":true,"x":{"a":0,"k":50.00000000000001},"y":{"a":0,"k":50}},"rx":{"a":0,"k":0},"ry":{"a":0,"k":0},"rz":{"a":0,"k":0},"s":{"a":0,"k":[100,100,100]}},"shapes":[{"ty":"gr","nm":"Circle-full-blue shape group","it":[{"ty":"el","p":{"a":0,"k":[50,50]},"s":{"a":0,"k":[60,60]}},{"ty":"st","o":{"a":0,"k":100},"c":{"a":0,"k":[0.2980392156862745,0.4392156862745098,0.9686274509803922,1]},"lc":3,"lj":1,"ml":1,"w":{"a":0,"k":4}},{"ty":"fl","o":{"a":0,"k":100},"r":1,"c":{"a":0,"k":[0.2980392156862745,0.4392156862745098,0.9686274509803922,1]}},{"ty":"tr","o":{"a":0,"k":100},"a":{"a":0,"k":[0,0]},"s":{"a":0,"k":[100,100]},"p":{"a":0,"k":[0,0]},"r":{"a":0,"k":0}}]}],"op":180},{"ty":4,"nm":"Circle-out-blue","ip":0,"st":0,"ind":5,"hix":2,"ks":{"o":{"a":0,"k":100},"or":{"a":0,"k":[0,0,0]},"a":{"a":0,"k":[50,50,0]},"p":{"s":true,"x":{"a":0,"k":50},"y":{"a":0,"k":50}},"rx":{"a":0,"k":0},"ry":{"a":0,"k":0},"rz":{"a":0,"k":-183.34649444186343},"s":{"a":0,"k":[100,100,100]}},"shapes":[{"ty":"gr","nm":"Circle-out-blue shape group","it":[{"ty":"sh","ks":{"a":0,"k":{"c":true,"v":[[50.9956,20.0162],[20.001,49.7521],[50.9956,79.9837],[79.9904,50.7433]],"i":[[16.5657,0.5429999999999993],[0.13919999999999888,-16.698],[-16.9709,0.5610999999999962],[-0.4000999999999948,16.007799999999996]],"o":[[-16.8348,-0.5517000000000003],[-0.14029999999999987,16.83330000000001],[16.143099999999997,-0.5337999999999994],[0.4106000000000023,-16.426699999999997]]}}},{"ty":"st","o":{"a":0,"k":100},"c":{"a":0,"k":[0.2980392156862745,0.4392156862745098,0.9686274509803922,1]},"lc":2,"lj":1,"ml":1,"w":{"a":0,"k":4},"d":[{"n":"d","v":{"a":0,"k":190},"nm":"0"},{"n":"g","v":{"a":0,"k":190},"nm":"1"},{"n":"o","v":{"a":1,"k":[{"t":0,"s":[190],"e":[190],"i":{"x":[1],"y":[1]},"o":{"x":[0],"y":[0]}},{"t":78,"s":[190],"e":[0],"i":{"x":[0.515],"y":[0.955]},"o":{"x":[0.455],"y":[0.03]}},{"t":135}]},"nm":"2"}]},{"ty":"fl","o":{"a":0,"k":0},"c":{"a":0,"k":[0,0,0,0]},"r":1},{"ty":"tr","o":{"a":0,"k":100},"a":{"a":0,"k":[0,0]},"s":{"a":0,"k":[100,100]},"p":{"a":0,"k":[0,0]},"r":{"a":0,"k":0}}]}],"op":180},{"ty":4,"nm":"Fingerprint-blue-atas","ip":0,"st":0,"ind":4,"hix":4,"ks":{"o":{"a":1,"k":[{"t":0,"s":[100],"e":[100],"i":{"x":[1],"y":[1]},"o":{"x":[0],"y":[0]}},{"t":78,"s":[100],"e":[0],"i":{"x":[0.515],"y":[0.955]},"o":{"x":[0.455],"y":[0.03]}},{"t":135}]},"or":{"a":0,"k":[0,0,0]},"a":{"a":0,"k":[50,50,0]},"p":{"s":true,"x":{"a":0,"k":50},"y":{"a":0,"k":50}},"rx":{"a":0,"k":0},"ry":{"a":0,"k":0},"rz":{"a":1,"k":[{"t":0,"s":[0],"e":[0],"i":{"x":[1],"y":[1]},"o":{"x":[0],"y":[0]}},{"t":78,"s":[0],"e":[-57.29577951308232],"i":{"x":[0.515],"y":[0.955]},"o":{"x":[0.455],"y":[0.03]}},{"t":135}]},"s":{"a":1,"k":[{"t":0,"s":[100,100],"e":[100,100],"i":{"x":[1,1],"y":[1,1]},"o":{"x":[0,0],"y":[0,0]}},{"t":78,"s":[100,100],"e":[40,40],"i":{"x":[0.515,0.515],"y":[0.955,0.955]},"o":{"x":[0.455,0.455],"y":[0.03,0.03]}},{"t":135}]}},"shapes":[{"ty":"gr","nm":"Fingerprint-blue-atas shape group","it":[{"ty":"sh","ks":{"a":0,"k":{"c":false,"v":[[28,39.4102],[72,39.4102]],"i":[[0,0],[-12.975200000000001,-11.933700000000002]],"o":[[13.423099999999998,-11.910200000000003],[0,0]]}}},{"ty":"st","o":{"a":0,"k":100},"c":{"a":0,"k":[0.2980392156862745,0.4392156862745098,0.9686274509803922,1]},"lc":2,"lj":2,"ml":1,"w":{"a":0,"k":4},"d":[{"n":"d","v":{"a":0,"k":50},"nm":"0"},{"n":"g","v":{"a":0,"k":50},"nm":"1"},{"n":"o","v":{"a":1,"k":[{"t":0,"s":[50],"e":[0],"i":{"x":[0.515],"y":[0.955]},"o":{"x":[0.455],"y":[0.03]}},{"t":78}]},"nm":"2"}]},{"ty":"fl","o":{"a":0,"k":0},"c":{"a":0,"k":[0,0,0,0]},"r":1},{"ty":"tr","o":{"a":0,"k":100},"a":{"a":0,"k":[0,0]},"s":{"a":0,"k":[100,100]},"p":{"a":0,"k":[0,0]},"r":{"a":0,"k":0}}]},{"ty":"gr","nm":"Fingerprint-blue-atas shape group","it":[{"ty":"sh","ks":{"a":0,"k":{"c":false,"v":[[65.5,69.9688],[49.9703,57.4687]],"i":[[0,0],[1.608699999999999,7.123900000000006]],"o":[[-9,-0.5],[0,0]]}}},{"ty":"st","o":{"a":0,"k":100},"c":{"a":0,"k":[0.2980392156862745,0.4392156862745098,0.9686274509803922,1]},"lc":2,"lj":2,"ml":1,"w":{"a":0,"k":4},"d":[{"n":"d","v":{"a":0,"k":23},"nm":"0"},{"n":"g","v":{"a":0,"k":23},"nm":"1"},{"n":"o","v":{"a":1,"k":[{"t":0,"s":[23],"e":[0],"i":{"x":[0.515],"y":[0.955]},"o":{"x":[0.455],"y":[0.03]}},{"t":78}]},"nm":"2"}]},{"ty":"fl","o":{"a":0,"k":0},"c":{"a":0,"k":[0,0,0,0]},"r":1},{"ty":"tr","o":{"a":0,"k":100},"a":{"a":0,"k":[0,0]},"s":{"a":0,"k":[100,100]},"p":{"a":0,"k":[0,0]},"r":{"a":0,"k":0}}]},{"ty":"gr","nm":"Fingerprint-blue-atas shape group","it":[{"ty":"sh","ks":{"a":0,"k":{"c":false,"v":[[35,26.0937],[65,26.0937]],"i":[[0,0],[-8,-4.124899999999997]],"o":[[8,-4.125],[0,0]]}}},{"ty":"st","o":{"a":0,"k":100},"c":{"a":0,"k":[0.2980392156862745,0.4392156862745098,0.9686274509803922,1]},"lc":2,"lj":2,"ml":1,"w":{"a":0,"k":4},"d":[{"n":"d","v":{"a":0,"k":32},"nm":"0"},{"n":"g","v":{"a":0,"k":32},"nm":"1"},{"n":"o","v":{"a":1,"k":[{"t":0,"s":[32],"e":[0],"i":{"x":[0.515],"y":[0.955]},"o":{"x":[0.455],"y":[0.03]}},{"t":78}]},"nm":"2"}]},{"ty":"fl","o":{"a":0,"k":0},"c":{"a":0,"k":[0,0,0,0]},"r":1},{"ty":"tr","o":{"a":0,"k":100},"a":{"a":0,"k":[0,0]},"s":{"a":0,"k":[100,100]},"p":{"a":0,"k":[0,0]},"r":{"a":0,"k":0}}]}],"op":180},{"ty":4,"nm":"Fingerprint-blue-bawah","ip":0,"st":0,"ind":3,"hix":3,"ks":{"o":{"a":1,"k":[{"t":0,"s":[100],"e":[100],"i":{"x":[1],"y":[1]},"o":{"x":[0],"y":[0]}},{"t":78,"s":[100],"e":[0],"i":{"x":[0.515],"y":[0.955]},"o":{"x":[0.455],"y":[0.03]}},{"t":135}]},"or":{"a":0,"k":[0,0,0]},"a":{"a":0,"k":[50,50,0]},"p":{"s":true,"x":{"a":0,"k":50},"y":{"a":0,"k":50}},"rx":{"a":0,"k":0},"ry":{"a":0,"k":0},"rz":{"a":1,"k":[{"t":0,"s":[0],"e":[0],"i":{"x":[1],"y":[1]},"o":{"x":[0],"y":[0]}},{"t":78,"s":[0],"e":[-57.29577951308232],"i":{"x":[0.515],"y":[0.955]},"o":{"x":[0.455],"y":[0.03]}},{"t":135}]},"s":{"a":1,"k":[{"t":0,"s":[100,100],"e":[100,100],"i":{"x":[1,1],"y":[1,1]},"o":{"x":[0,0],"y":[0,0]}},{"t":78,"s":[100,100],"e":[40,40],"i":{"x":[0.515,0.515],"y":[0.955,0.955]},"o":{"x":[0.455,0.455],"y":[0.03,0.03]}},{"t":135}]}},"shapes":[{"ty":"gr","nm":"Fingerprint-blue-bawah shape group","it":[{"ty":"sh","ks":{"a":0,"k":{"c":false,"v":[[57,76],[46,51.0001],[60.5,61.5001],[68.5,62.0001],[71.5,54.0001],[30.5,67.5001]],"i":[[0,0],[-9.100700000000003,5.119199999999999],[-4.2520000000000024,-3.189],[-3,2],[0.48220000000000596,3],[-10.346699999999998,-34.7648]],"o":[[-7.5,-3.9998999999999967],[8,-4.5],[2,1.5],[3,-2],[-4.5,-28.000000000000004],[0,0]]}}},{"ty":"st","o":{"a":0,"k":100},"c":{"a":0,"k":[0.2980392156862745,0.4392156862745098,0.9686274509803922,1]},"lc":2,"lj":2,"ml":1,"w":{"a":0,"k":4},"d":[{"n":"d","v":{"a":0,"k":144},"nm":"0"},{"n":"g","v":{"a":0,"k":144},"nm":"1"},{"n":"o","v":{"a":1,"k":[{"t":0,"s":[144],"e":[0],"i":{"x":[0.515],"y":[0.955]},"o":{"x":[0.455],"y":[0.03]}},{"t":78}]},"nm":"2"}]},{"ty":"fl","o":{"a":0,"k":0},"c":{"a":0,"k":[0,0,0,0]},"r":1},{"ty":"tr","o":{"a":0,"k":100},"a":{"a":0,"k":[0,0]},"s":{"a":0,"k":[100,100]},"p":{"a":0,"k":[0,0]},"r":{"a":0,"k":0}}]},{"ty":"gr","nm":"Fingerprint-blue-bawah shape group","it":[{"ty":"sh","ks":{"a":0,"k":{"c":false,"v":[[43.5,74.9689],[64.5,56.0001]],"i":[[0,0],[-6.5,-23]],"o":[[-23.5,-30.500000000000007],[0,0]]}}},{"ty":"st","o":{"a":0,"k":100},"c":{"a":0,"k":[0.2980392156862745,0.4392156862745098,0.9686274509803922,1]},"lc":2,"lj":2,"ml":1,"w":{"a":0,"k":4},"d":[{"n":"d","v":{"a":0,"k":64},"nm":"0"},{"n":"g","v":{"a":0,"k":64},"nm":"1"},{"n":"o","v":{"a":1,"k":[{"t":0,"s":[64],"e":[0],"i":{"x":[0.515],"y":[0.955]},"o":{"x":[0.455],"y":[0.03]}},{"t":78}]},"nm":"2"}]},{"ty":"fl","o":{"a":0,"k":0},"c":{"a":0,"k":[0,0,0,0]},"r":1},{"ty":"tr","o":{"a":0,"k":100},"a":{"a":0,"k":[0,0]},"s":{"a":0,"k":[100,100]},"p":{"a":0,"k":[0,0]},"r":{"a":0,"k":0}}]}],"op":180},{"ty":4,"nm":"Fingerprint-grey","ip":0,"st":0,"ind":1,"hix":1,"ks":{"o":{"a":1,"k":[{"t":0,"s":[100],"e":[100],"i":{"x":[1],"y":[1]},"o":{"x":[0],"y":[0]}},{"t":78,"s":[100],"e":[0],"i":{"x":[0.515],"y":[0.955]},"o":{"x":[0.455],"y":[0.03]}},{"t":135}]},"or":{"a":0,"k":[0,0,0]},"a":{"a":0,"k":[50,50,0]},"p":{"s":true,"x":{"a":0,"k":50},"y":{"a":0,"k":50}},"rx":{"a":0,"k":0},"ry":{"a":0,"k":0},"rz":{"a":1,"k":[{"t":0,"s":[0],"e":[0],"i":{"x":[1],"y":[1]},"o":{"x":[0],"y":[0]}},{"t":78,"s":[0],"e":[-57.29577951308232],"i":{"x":[0.515],"y":[0.955]},"o":{"x":[0.455],"y":[0.03]}},{"t":135}]},"s":{"a":1,"k":[{"t":0,"s":[100,100],"e":[100,100],"i":{"x":[1,1],"y":[1,1]},"o":{"x":[0,0],"y":[0,0]}},{"t":78,"s":[100,100],"e":[40,40],"i":{"x":[0.515,0.515],"y":[0.955,0.955]},"o":{"x":[0.455,0.455],"y":[0.03,0.03]}},{"t":135}]}},"shapes":[{"ty":"gr","nm":"Fingerprint-grey shape group","it":[{"ty":"sh","ks":{"a":0,"k":{"c":false,"v":[[28,39.4102],[72,39.4102]],"i":[[0,0],[-12.975200000000001,-11.933700000000002]],"o":[[13.423099999999998,-11.910200000000003],[0,0]]}}},{"ty":"st","o":{"a":0,"k":100},"c":{"a":0,"k":[0.9294117647058824,0.9294117647058824,0.9294117647058824,1]},"lc":2,"lj":2,"ml":1,"w":{"a":0,"k":4}},{"ty":"fl","o":{"a":0,"k":0},"c":{"a":0,"k":[0,0,0,0]},"r":1},{"ty":"tr","o":{"a":0,"k":100},"a":{"a":0,"k":[0,0]},"s":{"a":0,"k":[100,100]},"p":{"a":0,"k":[0,0]},"r":{"a":0,"k":0}}]},{"ty":"gr","nm":"Fingerprint-grey shape group","it":[{"ty":"sh","ks":{"a":0,"k":{"c":false,"v":[[28,39.4102],[72,39.4102]],"i":[[0,0],[-12.975200000000001,-11.933700000000002]],"o":[[13.423099999999998,-11.910200000000003],[0,0]]}}},{"ty":"st","o":{"a":0,"k":100},"c":{"a":0,"k":[0.9294117647058824,0.9294117647058824,0.9294117647058824,1]},"lc":2,"lj":2,"ml":1,"w":{"a":0,"k":4}},{"ty":"fl","o":{"a":0,"k":0},"c":{"a":0,"k":[0,0,0,0]},"r":1},{"ty":"tr","o":{"a":0,"k":100},"a":{"a":0,"k":[0,0]},"s":{"a":0,"k":[100,100]},"p":{"a":0,"k":[0,0]},"r":{"a":0,"k":0}}]},{"ty":"gr","nm":"Fingerprint-grey shape group","it":[{"ty":"sh","ks":{"a":0,"k":{"c":false,"v":[[57,75.9999],[46,51],[60.5,61.5],[68.5,62],[71.5,54],[30.5,67.5]],"i":[[0,0],[-9.100700000000003,5.119100000000003],[-4.252099999999999,-3.189],[-3,2],[0.48210000000000264,3],[-10.346699999999998,-34.7649]],"o":[[-7.5,-3.9998999999999967],[8,-4.5],[2,1.5],[3,-2],[-4.5,-28],[0,0]]}}},{"ty":"st","o":{"a":0,"k":100},"c":{"a":0,"k":[0.9294117647058824,0.9294117647058824,0.9294117647058824,1]},"lc":2,"lj":2,"ml":1,"w":{"a":0,"k":4}},{"ty":"fl","o":{"a":0,"k":0},"c":{"a":0,"k":[0,0,0,0]},"r":1},{"ty":"tr","o":{"a":0,"k":100},"a":{"a":0,"k":[0,0]},"s":{"a":0,"k":[100,100]},"p":{"a":0,"k":[0,0]},"r":{"a":0,"k":0}}]},{"ty":"gr","nm":"Fingerprint-grey shape group","it":[{"ty":"sh","ks":{"a":0,"k":{"c":false,"v":[[43.5,74.9688],[64.5,56]],"i":[[0,0],[-6.5,-23]],"o":[[-23.5,-30.5],[0,0]]}}},{"ty":"st","o":{"a":0,"k":100},"c":{"a":0,"k":[0.9294117647058824,0.9294117647058824,0.9294117647058824,1]},"lc":2,"lj":2,"ml":1,"w":{"a":0,"k":4}},{"ty":"fl","o":{"a":0,"k":0},"c":{"a":0,"k":[0,0,0,0]},"r":1},{"ty":"tr","o":{"a":0,"k":100},"a":{"a":0,"k":[0,0]},"s":{"a":0,"k":[100,100]},"p":{"a":0,"k":[0,0]},"r":{"a":0,"k":0}}]},{"ty":"gr","nm":"Fingerprint-grey shape group","it":[{"ty":"sh","ks":{"a":0,"k":{"c":false,"v":[[65.5,69.9688],[49.9703,57.4687]],"i":[[0,0],[1.608699999999999,7.123900000000006]],"o":[[-9,-0.5],[0,0]]}}},{"ty":"st","o":{"a":0,"k":100},"c":{"a":0,"k":[0.9294117647058824,0.9294117647058824,0.9294117647058824,1]},"lc":2,"lj":2,"ml":1,"w":{"a":0,"k":4}},{"ty":"fl","o":{"a":0,"k":0},"c":{"a":0,"k":[0,0,0,0]},"r":1},{"ty":"tr","o":{"a":0,"k":100},"a":{"a":0,"k":[0,0]},"s":{"a":0,"k":[100,100]},"p":{"a":0,"k":[0,0]},"r":{"a":0,"k":0}}]},{"ty":"gr","nm":"Fingerprint-grey shape group","it":[{"ty":"sh","ks":{"a":0,"k":{"c":false,"v":[[35,26.0937],[65,26.0937]],"i":[[0,0],[-8,-4.124899999999997]],"o":[[8,-4.125],[0,0]]}}},{"ty":"st","o":{"a":0,"k":100},"c":{"a":0,"k":[0.9294117647058824,0.9294117647058824,0.9294117647058824,1]},"lc":2,"lj":2,"ml":1,"w":{"a":0,"k":4}},{"ty":"fl","o":{"a":0,"k":0},"c":{"a":0,"k":[0,0,0,0]},"r":1},{"ty":"tr","o":{"a":0,"k":100},"a":{"a":0,"k":[0,0]},"s":{"a":0,"k":[100,100]},"p":{"a":0,"k":[0,0]},"r":{"a":0,"k":0}}]}],"op":180}],"op":180,"w":100,"h":100}